Name,Email,Phone,Status,Join Date
John Doe,johndoe@example.com,N/A,Active,06/10/2025
Mahedi Jihad,user@gmail.com,01783699929,Active,06/10/2025
John Doe,democlient@gmail.com,N/A,Active,08/10/2025
John Doe,customer212@gmail.com,N/A,Active,09/10/2025
Mohammad Jihad,jihad@gmail.com,N/A,Active,11/10/2025
Mohammad Jihad,jihad1@gmail.com,N/A,Active,11/10/2025
Mahedi Hasan Jihad,jihad2@gmail.com,N/A,Active,11/10/2025
John Doe,johndoe@.com,N/A,Active,12/10/2025
John Doe,johndoe@gmail.com,N/A,Active,12/10/2025
John Updated,newemail@example.com,+1234567890,Active,14/10/2025
John Doe,johndoee@example.com,N/A,Active,14/10/2025
Kyla Marquez,tulokumoh@mailinator.com,N/A,Active,14/10/2025
Ima Glass,doqek@mailinator.com,N/A,Active,14/10/2025
John Doe,johndee@example.com,N/A,Active,14/10/2025
John Doe,johnde@example.com,N/A,Active,14/10/2025
Bree Ellis,cacu@mailinator.com,N/A,Active,14/10/2025
Isaac Townsend,nevytukec@mailinator.com,N/A,Active,14/10/2025
John,sunil@example.com,N/A,Active,14/10/2025
Carissa Marshall,mazuj@mailinator.com,N/A,Active,14/10/2025
Sunil,sunilpoll1999@gmail.com,N/A,Active,15/10/2025
Sunil,sunildas.web@gmail.com,N/A,Active,15/10/2025
Joseph Solis,dass40406@gmail.com,N/A,Active,15/10/2025
Holden Raynor,das40406@gmail.com,N/A,Active,15/10/2025
Sunilrtretret,vendorr@gmail.com,N/A,Active,15/10/2025
Sunil,sunilpoll199@gmail.com,N/A,Active,15/10/2025
John Doe,user1@gmail.com,N/A,Active,24/10/2025